{
    "00:11:0c:12:44:8e": {
        "mac_address": "00:11:0c:12:44:8e",
        "ip_address": "192.168.10.10",
        "white_list": {
            "udp": {
                "3610": {
                    "secured_ip": [
                        "192.168.10.11",
                        "192.168.10.13",
                        "192.168.10.12"
                    ],
                    "hosts": {
                        "192.168.10.11": {
                            "secure_ratio": 0.9998543972044264,
                            "servers_secure_record": 6867,
                            "servers_record": 6868
                        },
                        "192.168.10.13": {
                            "secure_ratio": 0.9998549463301422,
                            "servers_secure_record": 6893,
                            "servers_record": 6894
                        },
                        "192.168.10.12": {
                            "secure_ratio": 0.9998549252865225,
                            "servers_secure_record": 6892,
                            "servers_record": 6893
                        }
                    }
                },
                "53": {
                    "secured_ip": [
                        "192.168.10.1"
                    ],
                    "hosts": {
                        "192.168.10.1": {
                            "secure_ratio": 0.9957805907172996,
                            "servers_secure_record": 236,
                            "servers_record": 237
                        }
                    }
                },
                "123": {
                    "secured_ip": [
                        "133.243.238.243",
                        "133.243.238.244",
                        "133.243.238.164",
                        "133.243.238.163"
                    ],
                    "hosts": {
                        "133.243.238.243": {
                            "secure_ratio": 0.9833333333333333,
                            "servers_secure_record": 59,
                            "servers_record": 60
                        },
                        "133.243.238.244": {
                            "secure_ratio": 0.9830508474576272,
                            "servers_secure_record": 58,
                            "servers_record": 59
                        },
                        "133.243.238.164": {
                            "secure_ratio": 0.9836065573770492,
                            "servers_secure_record": 60,
                            "servers_record": 61
                        },
                        "133.243.238.163": {
                            "secure_ratio": 0.9833333333333333,
                            "servers_secure_record": 59,
                            "servers_record": 60
                        }
                    }
                }
            },
            "tcp": {
                "80": {
                    "secured_ip": [
                        "160.16.109.189"
                    ],
                    "hosts": {
                        "160.16.109.189": {
                            "secure_ratio": 0.9998550304436068,
                            "servers_secure_record": 6897,
                            "servers_record": 6898
                        }
                    }
                }
            }
        }
    },
    "a0:12:db:00:89:b5": {
        "mac_address": "a0:12:db:00:89:b5",
        "ip_address": "192.168.10.11",
        "white_list": {
            "udp": {
                "3610": {
                    "secured_ip": [
                        "192.168.10.10"
                    ],
                    "hosts": {
                        "192.168.10.10": {
                            "secure_ratio": 0.999854418401514,
                            "servers_secure_record": 6868,
                            "servers_record": 6869
                        }
                    }
                }
            },
            "tcp": {
                "443": {
                    "secured_ip": [
                        "54.65.232.105"
                    ],
                    "hosts": {
                        "54.65.232.105": {
                            "secure_ratio": 0.9821428571428571,
                            "servers_secure_record": 55,
                            "servers_record": 56
                        }
                    }
                }
            }
        }
    },
    "00:1d:12:b4:82:1a": {
        "mac_address": "00:1d:12:b4:82:1a",
        "ip_address": "192.168.10.13",
        "white_list": {
            "udp": {
                "3610": {
                    "secured_ip": [
                        "192.168.10.10"
                    ],
                    "hosts": {
                        "192.168.10.10": {
                            "secure_ratio": 0.9998549673676578,
                            "servers_secure_record": 6894,
                            "servers_record": 6895
                        }
                    }
                }
            },
            "tcp": {}
        }
    },
    "00:1d:12:b4:82:6f": {
        "mac_address": "00:1d:12:b4:82:6f",
        "ip_address": "192.168.10.12",
        "white_list": {
            "udp": {
                "3610": {
                    "secured_ip": [
                        "192.168.10.10"
                    ],
                    "hosts": {
                        "192.168.10.10": {
                            "secure_ratio": 0.9998548199767712,
                            "servers_secure_record": 6887,
                            "servers_record": 6888
                        }
                    }
                }
            },
            "tcp": {}
        }
    },
    "34:76:c5:a1:fa:e2": {
        "mac_address": "34:76:c5:a1:fa:e2",
        "ip_address": "192.168.10.1",
        "white_list": {
            "udp": {
                "1900": {
                    "secured_ip": [
                        "239.255.255.250"
                    ],
                    "hosts": {
                        "239.255.255.250": {
                            "secure_ratio": 0.9979591836734694,
                            "servers_secure_record": 489,
                            "servers_record": 490
                        }
                    }
                },
                "53": {
                    "secured_ip": [
                        "192.168.10.10"
                    ],
                    "hosts": {
                        "192.168.10.10": {
                            "secure_ratio": 0.9957805907172996,
                            "servers_secure_record": 236,
                            "servers_record": 237
                        }
                    }
                },
                "123": {
                    "secured_ip": [
                        "192.168.10.10"
                    ],
                    "hosts": {
                        "192.168.10.10": {
                            "secure_ratio": 0.9957627118644068,
                            "servers_secure_record": 235,
                            "servers_record": 236
                        }
                    }
                },
                "80": {
                    "secured_ip": [
                        "192.168.10.10"
                    ],
                    "hosts": {
                        "192.168.10.10": {
                            "secure_ratio": 0.95,
                            "servers_secure_record": 19,
                            "servers_record": 20
                        }
                    }
                }
            },
            "tcp": {
                "80": {
                    "secured_ip": [
                        "192.168.10.10"
                    ],
                    "hosts": {
                        "192.168.10.10": {
                            "secure_ratio": 0.9998543972044264,