{
    "192.168.0.120": {
        "mac_address": [
            "d0:67:e5:f0:85:0a",
            "d0:67:e5:ef:e5:33"
        ],
        "white_list": {
            "udp": {},
            "tcp": {}
        }
    },
    "133.11.168.11": {
        "mac_address": [
            "00:1d:73:41:b1:70"
        ],
        "white_list": {
            "udp": {
                "123": {
                    "secured_ip": [
                        "210.173.160.57",
                        "210.173.160.87",
                        "210.173.160.27"
                    ],
                    "hosts": {
                        "210.173.160.57": {
                            "secure_ratio": 0.9473684210526315,
                            "servers_secure_record": 18,
                            "servers_record": 19
                        },
                        "210.173.160.87": {
                            "secure_ratio": 0.9473684210526315,
                            "servers_secure_record": 18,
                            "servers_record": 19
                        },
                        "210.173.160.27": {
                            "secure_ratio": 0.9473684210526315,
                            "servers_secure_record": 18,
                            "servers_record": 19
                        }
                    }
                }
            },
            "tcp": {}
        }
    },
    "133.11.168.71": {
        "mac_address": [
            "00:c0:8f:60:2e:7f"
        ],
        "white_list": {
            "udp": {},
            "tcp": {}
        }
    },
    "133.11.168.1": {
        "mac_address": [
            "cc:4e:24:4d:0e:00"
        ],
        "white_list": {
            "udp": {},
            "tcp": {}
        }
    }
}